Keywords,Date and Time,Source,Event ID,Task Category
Audit Success,31-08-2025 22:20:07,Microsoft-Windows-Security-Auditing,4688,Process Creation,"A new process has been created.

Creator Subject:
	Security ID:		SYSTEM
	Account Name:		-
	Account Domain:		-
	Logon ID:		0x3E7

Target Subject:
	Security ID:		NULL SID
	Account Name:		-
	Account Domain:		-
	Logon ID:		0x0

Process Information:
	New Process ID:		0x484
	New Process Name:	C:\Windows\System32\csrss.exe
	Token Elevation Type:	TokenElevationTypeDefault (1)
	Mandatory Label:		Mandatory Label\System Mandatory Level
	Creator Process ID:	0x370
	Creator Process Name:	C:\Windows\System32\smss.exe
	Process Command Line:	

Token Elevation Type indicates the type of token that was assigned to the new process in accordance with User Account Control policy.

Type 1 is a full token with no privileges removed or groups disabled.  A full token is only used if User Account Control is disabled or if the user is the built-in Administrator account or a service account.

Type 2 is an elevated token with no privileges removed or groups disabled.  An elevated token is used when User Account Control is enabled and the user chooses to start the program using Run as administrator.  An elevated token is also used when an application is configured to always require administrative privilege or to always require maximum privilege, and the user is a member of the Administrators group.

Type 3 is a limited token with administrative privileges removed and administrative groups disabled.  The limited token is used when User Account Control is enabled, the application does not require administrative privilege, and the user does not choose to start the program using Run as administrator."
Audit Success,31-08-2025 22:20:00,Microsoft-Windows-Security-Auditing,4688,Process Creation,"A new process has been created.

Creator Subject:
	Security ID:		SYSTEM
	Account Name:		-
	Account Domain:		-
	Logon ID:		0x3E7

Target Subject:
	Security ID:		NULL SID
	Account Name:		-
	Account Domain:		-
	Logon ID:		0x0

Process Information:
	New Process ID:		0x370
	New Process Name:	C:\Windows\System32\smss.exe
	Token Elevation Type:	TokenElevationTypeDefault (1)
	Mandatory Label:		Mandatory Label\System Mandatory Level
	Creator Process ID:	0x2e8
	Creator Process Name:	C:\Windows\System32\smss.exe
	Process Command Line:	

Token Elevation Type indicates the type of token that was assigned to the new process in accordance with User Account Control policy.

Type 1 is a full token with no privileges removed or groups disabled.  A full token is only used if User Account Control is disabled or if the user is the built-in Administrator account or a service account.

Type 2 is an elevated token with no privileges removed or groups disabled.  An elevated token is used when User Account Control is enabled and the user chooses to start the program using Run as administrator.  An elevated token is also used when an application is configured to always require administrative privilege or to always require maximum privilege, and the user is a member of the Administrators group.

Type 3 is a limited token with administrative privileges removed and administrative groups disabled.  The limited token is used when User Account Control is enabled, the application does not require administrative privilege, and the user does not choose to start the program using Run as administrator."
Audit Success,31-08-2025 22:19:57,Microsoft-Windows-Security-Auditing,4688,Process Creation,"A new process has been created.

Creator Subject:
	Security ID:		SYSTEM
	Account Name:		-
	Account Domain:		-
	Logon ID:		0x3E7

Target Subject:
	Security ID:		NULL SID
	Account Name:		-
	Account Domain:		-
	Logon ID:		0x0

Process Information:
	New Process ID:		0xe8
	New Process Name:	Registry
	Token Elevation Type:	TokenElevationTypeDefault (1)
	Mandatory Label:		Mandatory Label\System Mandatory Level
	Creator Process ID:	0x4
	Creator Process Name:	
	Process Command Line:	

Token Elevation Type indicates the type of token that was assigned to the new process in accordance with User Account Control policy.

Type 1 is a full token with no privileges removed or groups disabled.  A full token is only used if User Account Control is disabled or if the user is the built-in Administrator account or a service account.

Type 2 is an elevated token with no privileges removed or groups disabled.  An elevated token is used when User Account Control is enabled and the user chooses to start the program using Run as administrator.  An elevated token is also used when an application is configured to always require administrative privilege or to always require maximum privilege, and the user is a member of the Administrators group.

Type 3 is a limited token with administrative privileges removed and administrative groups disabled.  The limited token is used when User Account Control is enabled, the application does not require administrative privilege, and the user does not choose to start the program using Run as administrator."
Audit Success,31-08-2025 22:20:10,Microsoft-Windows-Security-Auditing,4688,Process Creation,"A new process has been created.

Creator Subject:
	Security ID:		SYSTEM
	Account Name:		-
	Account Domain:		-
	Logon ID:		0x3E7

Target Subject:
	Security ID:		NULL SID
	Account Name:		-
	Account Domain:		-
	Logon ID:		0x0

Process Information:
	New Process ID:		0x4e4
	New Process Name:	C:\Windows\System32\smss.exe
	Token Elevation Type:	TokenElevationTypeDefault (1)
	Mandatory Label:		Mandatory Label\System Mandatory Level
	Creator Process ID:	0x2e8
	Creator Process Name:	C:\Windows\System32\smss.exe
	Process Command Line:	

Token Elevation Type indicates the type of token that was assigned to the new process in accordance with User Account Control policy.

Type 1 is a full token with no privileges removed or groups disabled.  A full token is only used if User Account Control is disabled or if the user is the built-in Administrator account or a service account.

Type 2 is an elevated token with no privileges removed or groups disabled.  An elevated token is used when User Account Control is enabled and the user chooses to start the program using Run as administrator.  An elevated token is also used when an application is configured to always require administrative privilege or to always require maximum privilege, and the user is a member of the Administrators group.

Type 3 is a limited token with administrative privileges removed and administrative groups disabled.  The limited token is used when User Account Control is enabled, the application does not require administrative privilege, and the user does not choose to start the program using Run as administrator."
Audit Success,31-08-2025 22:21:30,Microsoft-Windows-Security-Auditing,4688,Process Creation,"A new process has been created.

Creator Subject:
	Security ID:		SYSTEM
	Account Name:		-
	Account Domain:		-
	Logon ID:		0x3E7

Target Subject:
	Security ID:		NULL SID
	Account Name:		-
	Account Domain:		-
	Logon ID:		0x0

Process Information:
	New Process ID:		0x374
	New Process Name:	C:\Windows\System32\smss.exe
	Token Elevation Type:	TokenElevationTypeDefault (1)
	Mandatory Label:		Mandatory Label\System Mandatory Level
	Creator Process ID:	0x2ec
	Creator Process Name:	C:\Windows\System32\smss.exe
	Process Command Line:	

Token Elevation Type indicates the type of token that was assigned to the new process in accordance with User Account Control policy.

Type 1 is a full token with no privileges removed or groups disabled.  A full token is only used if User Account Control is disabled or if the user is the built-in Administrator account or a service account.

Type 2 is an elevated token with no privileges removed or groups disabled.  An elevated token is used when User Account Control is enabled and the user chooses to start the program using Run as administrator.  An elevated token is also used when an application is configured to always require administrative privilege or to always require maximum privilege, and the user is a member of the Administrators group.

Type 3 is a limited token with administrative privileges removed and administrative groups disabled.  The limited token is used when User Account Control is enabled, the application does not require administrative privilege, and the user does not choose to start the program using Run as administrator."
Audit Success,31-08-2025 22:20:10,Microsoft-Windows-Security-Auditing,4688,Process Creation,"A new process has been created.

Creator Subject:
	Security ID:		SYSTEM
	Account Name:		-
	Account Domain:		-
	Logon ID:		0x3E7

Target Subject:
	Security ID:		NULL SID
	Account Name:		-
	Account Domain:		-
	Logon ID:		0x0

Process Information:
	New Process ID:		0x4ec
	New Process Name:	C:\Windows\System32\wininit.exe
	Token Elevation Type:	TokenElevationTypeDefault (1)
	Mandatory Label:		Mandatory Label\System Mandatory Level
	Creator Process ID:	0x370
	Creator Process Name:	C:\Windows\System32\smss.exe
	Process Command Line:	

Token Elevation Type indicates the type of token that was assigned to the new process in accordance with User Account Control policy.

Type 1 is a full token with no privileges removed or groups disabled.  A full token is only used if User Account Control is disabled or if the user is the built-in Administrator account or a service account.

Type 2 is an elevated token with no privileges removed or groups disabled.  An elevated token is used when User Account Control is enabled and the user chooses to start the program using Run as administrator.  An elevated token is also used when an application is configured to always require administrative privilege or to always require maximum privilege, and the user is a member of the Administrators group.

Type 3 is a limited token with administrative privileges removed and administrative groups disabled.  The limited token is used when User Account Control is enabled, the application does not require administrative privilege, and the user does not choose to start the program using Run as administrator."
Audit Success,31-08-2025 22:21:27,Microsoft-Windows-Security-Auditing,4688,Process Creation,"A new process has been created.

Creator Subject:
	Security ID:		SYSTEM
	Account Name:		-
	Account Domain:		-
	Logon ID:		0x3E7

Target Subject:
	Security ID:		NULL SID
	Account Name:		-
	Account Domain:		-
	Logon ID:		0x0

Process Information:
	New Process ID:		0x2ec
	New Process Name:	C:\Windows\System32\smss.exe
	Token Elevation Type:	TokenElevationTypeDefault (1)
	Mandatory Label:		Mandatory Label\System Mandatory Level
	Creator Process ID:	0x4
	Creator Process Name:	
	Process Command Line:	

Token Elevation Type indicates the type of token that was assigned to the new process in accordance with User Account Control policy.

Type 1 is a full token with no privileges removed or groups disabled.  A full token is only used if User Account Control is disabled or if the user is the built-in Administrator account or a service account.

Type 2 is an elevated token with no privileges removed or groups disabled.  An elevated token is used when User Account Control is enabled and the user chooses to start the program using Run as administrator.  An elevated token is also used when an application is configured to always require administrative privilege or to always require maximum privilege, and the user is a member of the Administrators group.

Type 3 is a limited token with administrative privileges removed and administrative groups disabled.  The limited token is used when User Account Control is enabled, the application does not require administrative privilege, and the user does not choose to start the program using Run as administrator."
Audit Success,31-08-2025 22:21:40,Microsoft-Windows-Security-Auditing,4688,Process Creation,"A new process has been created.

Creator Subject:
	Security ID:		SYSTEM
	Account Name:		-
	Account Domain:		-
	Logon ID:		0x3E7

Target Subject:
	Security ID:		NULL SID
	Account Name:		-
	Account Domain:		-
	Logon ID:		0x0

Process Information:
	New Process ID:		0x594
	New Process Name:	C:\Windows\System32\winlogon.exe
	Token Elevation Type:	TokenElevationTypeDefault (1)
	Mandatory Label:		Mandatory Label\System Mandatory Level
	Creator Process ID:	0x4f0
	Creator Process Name:	C:\Windows\System32\smss.exe
	Process Command Line:	

Token Elevation Type indicates the type of token that was assigned to the new process in accordance with User Account Control policy.

Type 1 is a full token with no privileges removed or groups disabled.  A full token is only used if User Account Control is disabled or if the user is the built-in Administrator account or a service account.

Type 2 is an elevated token with no privileges removed or groups disabled.  An elevated token is used when User Account Control is enabled and the user chooses to start the program using Run as administrator.  An elevated token is also used when an application is configured to always require administrative privilege or to always require maximum privilege, and the user is a member of the Administrators group.

Type 3 is a limited token with administrative privileges removed and administrative groups disabled.  The limited token is used when User Account Control is enabled, the application does not require administrative privilege, and the user does not choose to start the program using Run as administrator."
Audit Success,31-08-2025 22:21:27,Microsoft-Windows-Security-Auditing,4688,Process Creation,"A new process has been created.

Creator Subject:
	Security ID:		SYSTEM
	Account Name:		-
	Account Domain:		-
	Logon ID:		0x3E7

Target Subject:
	Security ID:		NULL SID
	Account Name:		-
	Account Domain:		-
	Logon ID:		0x0

Process Information:
	New Process ID:		0x304
	New Process Name:	C:\Windows\System32\autochk.exe
	Token Elevation Type:	TokenElevationTypeDefault (1)
	Mandatory Label:		Mandatory Label\System Mandatory Level
	Creator Process ID:	0x2ec
	Creator Process Name:	C:\Windows\System32\smss.exe
	Process Command Line:	

Token Elevation Type indicates the type of token that was assigned to the new process in accordance with User Account Control policy.

Type 1 is a full token with no privileges removed or groups disabled.  A full token is only used if User Account Control is disabled or if the user is the built-in Administrator account or a service account.

Type 2 is an elevated token with no privileges removed or groups disabled.  An elevated token is used when User Account Control is enabled and the user chooses to start the program using Run as administrator.  An elevated token is also used when an application is configured to always require administrative privilege or to always require maximum privilege, and the user is a member of the Administrators group.

Type 3 is a limited token with administrative privileges removed and administrative groups disabled.  The limited token is used when User Account Control is enabled, the application does not require administrative privilege, and the user does not choose to start the program using Run as administrator."
Audit Success,31-08-2025 22:19:57,Microsoft-Windows-Security-Auditing,4688,Process Creation,"A new process has been created.

Creator Subject:
	Security ID:		SYSTEM
	Account Name:		-
	Account Domain:		-
	Logon ID:		0x3E7

Target Subject:
	Security ID:		NULL SID
	Account Name:		-
	Account Domain:		-
	Logon ID:		0x0

Process Information:
	New Process ID:		0x300
	New Process Name:	C:\Windows\System32\autochk.exe
	Token Elevation Type:	TokenElevationTypeDefault (1)
	Mandatory Label:		Mandatory Label\System Mandatory Level
	Creator Process ID:	0x2e8
	Creator Process Name:	C:\Windows\System32\smss.exe
	Process Command Line:	

Token Elevation Type indicates the type of token that was assigned to the new process in accordance with User Account Control policy.

Type 1 is a full token with no privileges removed or groups disabled.  A full token is only used if User Account Control is disabled or if the user is the built-in Administrator account or a service account.

Type 2 is an elevated token with no privileges removed or groups disabled.  An elevated token is used when User Account Control is enabled and the user chooses to start the program using Run as administrator.  An elevated token is also used when an application is configured to always require administrative privilege or to always require maximum privilege, and the user is a member of the Administrators group.

Type 3 is a limited token with administrative privileges removed and administrative groups disabled.  The limited token is used when User Account Control is enabled, the application does not require administrative privilege, and the user does not choose to start the program using Run as administrator."
Audit Success,31-08-2025 22:21:40,Microsoft-Windows-Security-Auditing,4688,Process Creation,"A new process has been created.

Creator Subject:
	Security ID:		SYSTEM
	Account Name:		-
	Account Domain:		-
	Logon ID:		0x3E7

Target Subject:
	Security ID:		NULL SID
	Account Name:		-
	Account Domain:		-
	Logon ID:		0x0

Process Information:
	New Process ID:		0x560
	New Process Name:	C:\Windows\System32\lsass.exe
	Token Elevation Type:	TokenElevationTypeDefault (1)
	Mandatory Label:		Mandatory Label\System Mandatory Level
	Creator Process ID:	0x4f8
	Creator Process Name:	C:\Windows\System32\wininit.exe
	Process Command Line:	

Token Elevation Type indicates the type of token that was assigned to the new process in accordance with User Account Control policy.

Type 1 is a full token with no privileges removed or groups disabled.  A full token is only used if User Account Control is disabled or if the user is the built-in Administrator account or a service account.

Type 2 is an elevated token with no privileges removed or groups disabled.  An elevated token is used when User Account Control is enabled and the user chooses to start the program using Run as administrator.  An elevated token is also used when an application is configured to always require administrative privilege or to always require maximum privilege, and the user is a member of the Administrators group.

Type 3 is a limited token with administrative privileges removed and administrative groups disabled.  The limited token is used when User Account Control is enabled, the application does not require administrative privilege, and the user does not choose to start the program using Run as administrator."
Audit Success,31-08-2025 22:19:57,Microsoft-Windows-Security-Auditing,4688,Process Creation,"A new process has been created.

Creator Subject:
	Security ID:		SYSTEM
	Account Name:		-
	Account Domain:		-
	Logon ID:		0x3E7

Target Subject:
	Security ID:		NULL SID
	Account Name:		-
	Account Domain:		-
	Logon ID:		0x0

Process Information:
	New Process ID:		0x2e8
	New Process Name:	C:\Windows\System32\smss.exe
	Token Elevation Type:	TokenElevationTypeDefault (1)
	Mandatory Label:		Mandatory Label\System Mandatory Level
	Creator Process ID:	0x4
	Creator Process Name:	
	Process Command Line:	

Token Elevation Type indicates the type of token that was assigned to the new process in accordance with User Account Control policy.

Type 1 is a full token with no privileges removed or groups disabled.  A full token is only used if User Account Control is disabled or if the user is the built-in Administrator account or a service account.

Type 2 is an elevated token with no privileges removed or groups disabled.  An elevated token is used when User Account Control is enabled and the user chooses to start the program using Run as administrator.  An elevated token is also used when an application is configured to always require administrative privilege or to always require maximum privilege, and the user is a member of the Administrators group.

Type 3 is a limited token with administrative privileges removed and administrative groups disabled.  The limited token is used when User Account Control is enabled, the application does not require administrative privilege, and the user does not choose to start the program using Run as administrator."
Audit Success,31-08-2025 22:20:10,Microsoft-Windows-Security-Auditing,4688,Process Creation,"A new process has been created.

Creator Subject:
	Security ID:		SYSTEM
	Account Name:		-
	Account Domain:		-
	Logon ID:		0x3E7

Target Subject:
	Security ID:		NULL SID
	Account Name:		-
	Account Domain:		-
	Logon ID:		0x0

Process Information:
	New Process ID:		0x4f4
	New Process Name:	C:\Windows\System32\csrss.exe
	Token Elevation Type:	TokenElevationTypeDefault (1)
	Mandatory Label:		Mandatory Label\System Mandatory Level
	Creator Process ID:	0x4e4
	Creator Process Name:	C:\Windows\System32\smss.exe
	Process Command Line:	

Token Elevation Type indicates the type of token that was assigned to the new process in accordance with User Account Control policy.

Type 1 is a full token with no privileges removed or groups disabled.  A full token is only used if User Account Control is disabled or if the user is the built-in Administrator account or a service account.

Type 2 is an elevated token with no privileges removed or groups disabled.  An elevated token is used when User Account Control is enabled and the user chooses to start the program using Run as administrator.  An elevated token is also used when an application is configured to always require administrative privilege or to always require maximum privilege, and the user is a member of the Administrators group.

Type 3 is a limited token with administrative privileges removed and administrative groups disabled.  The limited token is used when User Account Control is enabled, the application does not require administrative privilege, and the user does not choose to start the program using Run as administrator."
Audit Success,31-08-2025 22:21:40,Microsoft-Windows-Security-Auditing,4688,Process Creation,"A new process has been created.

Creator Subject:
	Security ID:		SYSTEM
	Account Name:		-
	Account Domain:		-
	Logon ID:		0x3E7

Target Subject:
	Security ID:		NULL SID
	Account Name:		-
	Account Domain:		-
	Logon ID:		0x0

Process Information:
	New Process ID:		0x544
	New Process Name:	C:\Windows\System32\services.exe
	Token Elevation Type:	TokenElevationTypeDefault (1)
	Mandatory Label:		Mandatory Label\System Mandatory Level
	Creator Process ID:	0x4f8
	Creator Process Name:	C:\Windows\System32\wininit.exe
	Process Command Line:	

Token Elevation Type indicates the type of token that was assigned to the new process in accordance with User Account Control policy.

Type 1 is a full token with no privileges removed or groups disabled.  A full token is only used if User Account Control is disabled or if the user is the built-in Administrator account or a service account.

Type 2 is an elevated token with no privileges removed or groups disabled.  An elevated token is used when User Account Control is enabled and the user chooses to start the program using Run as administrator.  An elevated token is also used when an application is configured to always require administrative privilege or to always require maximum privilege, and the user is a member of the Administrators group.

Type 3 is a limited token with administrative privileges removed and administrative groups disabled.  The limited token is used when User Account Control is enabled, the application does not require administrative privilege, and the user does not choose to start the program using Run as administrator."
Audit Success,31-08-2025 22:21:37,Microsoft-Windows-Security-Auditing,4688,Process Creation,"A new process has been created.

Creator Subject:
	Security ID:		SYSTEM
	Account Name:		-
	Account Domain:		-
	Logon ID:		0x3E7

Target Subject:
	Security ID:		NULL SID
	Account Name:		-
	Account Domain:		-
	Logon ID:		0x0

Process Information:
	New Process ID:		0x490
	New Process Name:	C:\Windows\System32\csrss.exe
	Token Elevation Type:	TokenElevationTypeDefault (1)
	Mandatory Label:		Mandatory Label\System Mandatory Level
	Creator Process ID:	0x374
	Creator Process Name:	C:\Windows\System32\smss.exe
	Process Command Line:	

Token Elevation Type indicates the type of token that was assigned to the new process in accordance with User Account Control policy.

Type 1 is a full token with no privileges removed or groups disabled.  A full token is only used if User Account Control is disabled or if the user is the built-in Administrator account or a service account.

Type 2 is an elevated token with no privileges removed or groups disabled.  An elevated token is used when User Account Control is enabled and the user chooses to start the program using Run as administrator.  An elevated token is also used when an application is configured to always require administrative privilege or to always require maximum privilege, and the user is a member of the Administrators group.

Type 3 is a limited token with administrative privileges removed and administrative groups disabled.  The limited token is used when User Account Control is enabled, the application does not require administrative privilege, and the user does not choose to start the program using Run as administrator."
Audit Success,31-08-2025 22:19:57,Microsoft-Windows-Security-Auditing,4688,Process Creation,"A new process has been created.

Creator Subject:
	Security ID:		SYSTEM
	Account Name:		-
	Account Domain:		-
	Logon ID:		0x3E7

Target Subject:
	Security ID:		NULL SID
	Account Name:		-
	Account Domain:		-
	Logon ID:		0x0

Process Information:
	New Process ID:		0xbc
	New Process Name:	
	Token Elevation Type:	TokenElevationTypeDefault (1)
	Mandatory Label:		Mandatory Label\System Mandatory Level
	Creator Process ID:	0x4
	Creator Process Name:	
	Process Command Line:	

Token Elevation Type indicates the type of token that was assigned to the new process in accordance with User Account Control policy.

Type 1 is a full token with no privileges removed or groups disabled.  A full token is only used if User Account Control is disabled or if the user is the built-in Administrator account or a service account.

Type 2 is an elevated token with no privileges removed or groups disabled.  An elevated token is used when User Account Control is enabled and the user chooses to start the program using Run as administrator.  An elevated token is also used when an application is configured to always require administrative privilege or to always require maximum privilege, and the user is a member of the Administrators group.

Type 3 is a limited token with administrative privileges removed and administrative groups disabled.  The limited token is used when User Account Control is enabled, the application does not require administrative privilege, and the user does not choose to start the program using Run as administrator."
Audit Success,31-08-2025 22:21:39,Microsoft-Windows-Security-Auditing,4688,Process Creation,"A new process has been created.

Creator Subject:
	Security ID:		SYSTEM
	Account Name:		-
	Account Domain:		-
	Logon ID:		0x3E7

Target Subject:
	Security ID:		NULL SID
	Account Name:		-
	Account Domain:		-
	Logon ID:		0x0

Process Information:
	New Process ID:		0x500
	New Process Name:	C:\Windows\System32\csrss.exe
	Token Elevation Type:	TokenElevationTypeDefault (1)
	Mandatory Label:		Mandatory Label\System Mandatory Level
	Creator Process ID:	0x4f0
	Creator Process Name:	C:\Windows\System32\smss.exe
	Process Command Line:	

Token Elevation Type indicates the type of token that was assigned to the new process in accordance with User Account Control policy.

Type 1 is a full token with no privileges removed or groups disabled.  A full token is only used if User Account Control is disabled or if the user is the built-in Administrator account or a service account.

Type 2 is an elevated token with no privileges removed or groups disabled.  An elevated token is used when User Account Control is enabled and the user chooses to start the program using Run as administrator.  An elevated token is also used when an application is configured to always require administrative privilege or to always require maximum privilege, and the user is a member of the Administrators group.

Type 3 is a limited token with administrative privileges removed and administrative groups disabled.  The limited token is used when User Account Control is enabled, the application does not require administrative privilege, and the user does not choose to start the program using Run as administrator."
Audit Success,31-08-2025 22:21:40,Microsoft-Windows-Security-Auditing,4688,Process Creation,"A new process has been created.

Creator Subject:
	Security ID:		SYSTEM
	Account Name:		-
	Account Domain:		-
	Logon ID:		0x3E7

Target Subject:
	Security ID:		NULL SID
	Account Name:		-
	Account Domain:		-
	Logon ID:		0x0

Process Information:
	New Process ID:		0x558
	New Process Name:	C:\Windows\System32\LsaIso.exe
	Token Elevation Type:	TokenElevationTypeDefault (1)
	Mandatory Label:		Mandatory Label\System Mandatory Level
	Creator Process ID:	0x4f8
	Creator Process Name:	C:\Windows\System32\wininit.exe
	Process Command Line:	

Token Elevation Type indicates the type of token that was assigned to the new process in accordance with User Account Control policy.

Type 1 is a full token with no privileges removed or groups disabled.  A full token is only used if User Account Control is disabled or if the user is the built-in Administrator account or a service account.

Type 2 is an elevated token with no privileges removed or groups disabled.  An elevated token is used when User Account Control is enabled and the user chooses to start the program using Run as administrator.  An elevated token is also used when an application is configured to always require administrative privilege or to always require maximum privilege, and the user is a member of the Administrators group.

Type 3 is a limited token with administrative privileges removed and administrative groups disabled.  The limited token is used when User Account Control is enabled, the application does not require administrative privilege, and the user does not choose to start the program using Run as administrator."
Audit Success,31-08-2025 22:21:39,Microsoft-Windows-Security-Auditing,4688,Process Creation,"A new process has been created.

Creator Subject:
	Security ID:		SYSTEM
	Account Name:		-
	Account Domain:		-
	Logon ID:		0x3E7

Target Subject:
	Security ID:		NULL SID
	Account Name:		-
	Account Domain:		-
	Logon ID:		0x0

Process Information:
	New Process ID:		0x4f0
	New Process Name:	C:\Windows\System32\smss.exe
	Token Elevation Type:	TokenElevationTypeDefault (1)
	Mandatory Label:		Mandatory Label\System Mandatory Level
	Creator Process ID:	0x2ec
	Creator Process Name:	C:\Windows\System32\smss.exe
	Process Command Line:	

Token Elevation Type indicates the type of token that was assigned to the new process in accordance with User Account Control policy.

Type 1 is a full token with no privileges removed or groups disabled.  A full token is only used if User Account Control is disabled or if the user is the built-in Administrator account or a service account.

Type 2 is an elevated token with no privileges removed or groups disabled.  An elevated token is used when User Account Control is enabled and the user chooses to start the program using Run as administrator.  An elevated token is also used when an application is configured to always require administrative privilege or to always require maximum privilege, and the user is a member of the Administrators group.

Type 3 is a limited token with administrative privileges removed and administrative groups disabled.  The limited token is used when User Account Control is enabled, the application does not require administrative privilege, and the user does not choose to start the program using Run as administrator."
Audit Success,31-08-2025 22:21:39,Microsoft-Windows-Security-Auditing,4688,Process Creation,"A new process has been created.

Creator Subject:
	Security ID:		SYSTEM
	Account Name:		-
	Account Domain:		-
	Logon ID:		0x3E7

Target Subject:
	Security ID:		NULL SID
	Account Name:		-
	Account Domain:		-
	Logon ID:		0x0

Process Information:
	New Process ID:		0x4f8
	New Process Name:	C:\Windows\System32\wininit.exe
	Token Elevation Type:	TokenElevationTypeDefault (1)
	Mandatory Label:		Mandatory Label\System Mandatory Level
	Creator Process ID:	0x374
	Creator Process Name:	C:\Windows\System32\smss.exe
	Process Command Line:	

Token Elevation Type indicates the type of token that was assigned to the new process in accordance with User Account Control policy.

Type 1 is a full token with no privileges removed or groups disabled.  A full token is only used if User Account Control is disabled or if the user is the built-in Administrator account or a service account.

Type 2 is an elevated token with no privileges removed or groups disabled.  An elevated token is used when User Account Control is enabled and the user chooses to start the program using Run as administrator.  An elevated token is also used when an application is configured to always require administrative privilege or to always require maximum privilege, and the user is a member of the Administrators group.

Type 3 is a limited token with administrative privileges removed and administrative groups disabled.  The limited token is used when User Account Control is enabled, the application does not require administrative privilege, and the user does not choose to start the program using Run as administrator."
Audit Success,31-08-2025 22:21:27,Microsoft-Windows-Security-Auditing,4688,Process Creation,"A new process has been created.

Creator Subject:
	Security ID:		SYSTEM
	Account Name:		-
	Account Domain:		-
	Logon ID:		0x3E7

Target Subject:
	Security ID:		NULL SID
	Account Name:		-
	Account Domain:		-
	Logon ID:		0x0

Process Information:
	New Process ID:		0xbc
	New Process Name:	
	Token Elevation Type:	TokenElevationTypeDefault (1)
	Mandatory Label:		Mandatory Label\System Mandatory Level
	Creator Process ID:	0x4
	Creator Process Name:	
	Process Command Line:	

Token Elevation Type indicates the type of token that was assigned to the new process in accordance with User Account Control policy.

Type 1 is a full token with no privileges removed or groups disabled.  A full token is only used if User Account Control is disabled or if the user is the built-in Administrator account or a service account.

Type 2 is an elevated token with no privileges removed or groups disabled.  An elevated token is used when User Account Control is enabled and the user chooses to start the program using Run as administrator.  An elevated token is also used when an application is configured to always require administrative privilege or to always require maximum privilege, and the user is a member of the Administrators group.

Type 3 is a limited token with administrative privileges removed and administrative groups disabled.  The limited token is used when User Account Control is enabled, the application does not require administrative privilege, and the user does not choose to start the program using Run as administrator."
Audit Success,31-08-2025 22:20:10,Microsoft-Windows-Security-Auditing,4688,Process Creation,"A new process has been created.

Creator Subject:
	Security ID:		SYSTEM
	Account Name:		-
	Account Domain:		-
	Logon ID:		0x3E7

Target Subject:
	Security ID:		NULL SID
	Account Name:		-
	Account Domain:		-
	Logon ID:		0x0

Process Information:
	New Process ID:		0x54c
	New Process Name:	C:\Windows\System32\LsaIso.exe
	Token Elevation Type:	TokenElevationTypeDefault (1)
	Mandatory Label:		Mandatory Label\System Mandatory Level
	Creator Process ID:	0x4ec
	Creator Process Name:	C:\Windows\System32\wininit.exe
	Process Command Line:	

Token Elevation Type indicates the type of token that was assigned to the new process in accordance with User Account Control policy.

Type 1 is a full token with no privileges removed or groups disabled.  A full token is only used if User Account Control is disabled or if the user is the built-in Administrator account or a service account.

Type 2 is an elevated token with no privileges removed or groups disabled.  An elevated token is used when User Account Control is enabled and the user chooses to start the program using Run as administrator.  An elevated token is also used when an application is configured to always require administrative privilege or to always require maximum privilege, and the user is a member of the Administrators group.

Type 3 is a limited token with administrative privileges removed and administrative groups disabled.  The limited token is used when User Account Control is enabled, the application does not require administrative privilege, and the user does not choose to start the program using Run as administrator."
Audit Success,31-08-2025 22:20:10,Microsoft-Windows-Security-Auditing,4688,Process Creation,"A new process has been created.

Creator Subject:
	Security ID:		SYSTEM
	Account Name:		-
	Account Domain:		-
	Logon ID:		0x3E7

Target Subject:
	Security ID:		NULL SID
	Account Name:		-
	Account Domain:		-
	Logon ID:		0x0

Process Information:
	New Process ID:		0x538
	New Process Name:	C:\Windows\System32\services.exe
	Token Elevation Type:	TokenElevationTypeDefault (1)
	Mandatory Label:		Mandatory Label\System Mandatory Level
	Creator Process ID:	0x4ec
	Creator Process Name:	C:\Windows\System32\wininit.exe
	Process Command Line:	

Token Elevation Type indicates the type of token that was assigned to the new process in accordance with User Account Control policy.

Type 1 is a full token with no privileges removed or groups disabled.  A full token is only used if User Account Control is disabled or if the user is the built-in Administrator account or a service account.

Type 2 is an elevated token with no privileges removed or groups disabled.  An elevated token is used when User Account Control is enabled and the user chooses to start the program using Run as administrator.  An elevated token is also used when an application is configured to always require administrative privilege or to always require maximum privilege, and the user is a member of the Administrators group.

Type 3 is a limited token with administrative privileges removed and administrative groups disabled.  The limited token is used when User Account Control is enabled, the application does not require administrative privilege, and the user does not choose to start the program using Run as administrator."
Audit Success,31-08-2025 22:20:10,Microsoft-Windows-Security-Auditing,4688,Process Creation,"A new process has been created.

Creator Subject:
	Security ID:		SYSTEM
	Account Name:		-
	Account Domain:		-
	Logon ID:		0x3E7

Target Subject:
	Security ID:		NULL SID
	Account Name:		-
	Account Domain:		-
	Logon ID:		0x0

Process Information:
	New Process ID:		0x588
	New Process Name:	C:\Windows\System32\winlogon.exe
	Token Elevation Type:	TokenElevationTypeDefault (1)
	Mandatory Label:		Mandatory Label\System Mandatory Level
	Creator Process ID:	0x4e4
	Creator Process Name:	C:\Windows\System32\smss.exe
	Process Command Line:	

Token Elevation Type indicates the type of token that was assigned to the new process in accordance with User Account Control policy.

Type 1 is a full token with no privileges removed or groups disabled.  A full token is only used if User Account Control is disabled or if the user is the built-in Administrator account or a service account.

Type 2 is an elevated token with no privileges removed or groups disabled.  An elevated token is used when User Account Control is enabled and the user chooses to start the program using Run as administrator.  An elevated token is also used when an application is configured to always require administrative privilege or to always require maximum privilege, and the user is a member of the Administrators group.

Type 3 is a limited token with administrative privileges removed and administrative groups disabled.  The limited token is used when User Account Control is enabled, the application does not require administrative privilege, and the user does not choose to start the program using Run as administrator."
Audit Success,31-08-2025 22:20:10,Microsoft-Windows-Security-Auditing,4688,Process Creation,"A new process has been created.

Creator Subject:
	Security ID:		SYSTEM
	Account Name:		-
	Account Domain:		-
	Logon ID:		0x3E7

Target Subject:
	Security ID:		NULL SID
	Account Name:		-
	Account Domain:		-
	Logon ID:		0x0

Process Information:
	New Process ID:		0x554
	New Process Name:	C:\Windows\System32\lsass.exe
	Token Elevation Type:	TokenElevationTypeDefault (1)
	Mandatory Label:		Mandatory Label\System Mandatory Level
	Creator Process ID:	0x4ec
	Creator Process Name:	C:\Windows\System32\wininit.exe
	Process Command Line:	

Token Elevation Type indicates the type of token that was assigned to the new process in accordance with User Account Control policy.

Type 1 is a full token with no privileges removed or groups disabled.  A full token is only used if User Account Control is disabled or if the user is the built-in Administrator account or a service account.

Type 2 is an elevated token with no privileges removed or groups disabled.  An elevated token is used when User Account Control is enabled and the user chooses to start the program using Run as administrator.  An elevated token is also used when an application is configured to always require administrative privilege or to always require maximum privilege, and the user is a member of the Administrators group.

Type 3 is a limited token with administrative privileges removed and administrative groups disabled.  The limited token is used when User Account Control is enabled, the application does not require administrative privilege, and the user does not choose to start the program using Run as administrator."
Audit Success,31-08-2025 22:21:27,Microsoft-Windows-Security-Auditing,4688,Process Creation,"A new process has been created.

Creator Subject:
	Security ID:		SYSTEM
	Account Name:		-
	Account Domain:		-
	Logon ID:		0x3E7

Target Subject:
	Security ID:		NULL SID
	Account Name:		-
	Account Domain:		-
	Logon ID:		0x0

Process Information:
	New Process ID:		0xe8
	New Process Name:	Registry
	Token Elevation Type:	TokenElevationTypeDefault (1)
	Mandatory Label:		Mandatory Label\System Mandatory Level
	Creator Process ID:	0x4
	Creator Process Name:	
	Process Command Line:	

Token Elevation Type indicates the type of token that was assigned to the new process in accordance with User Account Control policy.

Type 1 is a full token with no privileges removed or groups disabled.  A full token is only used if User Account Control is disabled or if the user is the built-in Administrator account or a service account.

Type 2 is an elevated token with no privileges removed or groups disabled.  An elevated token is used when User Account Control is enabled and the user chooses to start the program using Run as administrator.  An elevated token is also used when an application is configured to always require administrative privilege or to always require maximum privilege, and the user is a member of the Administrators group.

Type 3 is a limited token with administrative privileges removed and administrative groups disabled.  The limited token is used when User Account Control is enabled, the application does not require administrative privilege, and the user does not choose to start the program using Run as administrator."
